day,open,high,low,close,volume
2022-03-15,125.57,125.57,125.2,125.32,2228
2022-03-15,125.57,125.57,125.57,125.57,274
2022-03-15,125.57,125.57,125.57,125.57,412
2022-03-15,125.31,125.31,125.31,125.31,653
2022-03-15,125.3,125.3,125.3,125.3,500
2022-03-15,125.33,125.33,125.33,125.33,644
2022-03-15,126.01,126.01,126.01,126.01,200
2022-03-15,125.64,125.64,124.4,124.4,61131
2022-03-15,125.72,125.89,125.4,125.6,578260
2022-03-15,125.92,125.9398,125.49,125.705,215312
2022-03-15,125.73,125.93,125.7109,125.9,115523
2022-03-15,125.65,125.78,125.59,125.7031,90373
2022-03-15,125.31,125.6863,125.28,125.67,99222
2022-03-15,125.04,125.3594,124.84,125.3093,76494
2022-03-15,125.2,125.2,124.901,125.045,77955
2022-03-15,125.53,125.55,125.095,125.21,91839
2022-03-15,125.2,125.57,125.165,125.54,127875
2022-03-15,124.8,125.2,124.68,125.195,81111
2022-03-15,124.82,125.1,124.8,124.8,53387
2022-03-15,125.12,125.26,124.71,124.79,71354
2022-03-15,125.27,125.32,124.83,125.12,58928
2022-03-15,125.44,125.46,125.22,125.25,75374
2022-03-15,125.011,125.46,124.94,125.42,97248
2022-03-15,124.88,125.02,124.7,125.015,105600
2022-03-15,124.98,125.38,124.76,124.9,128976
2022-03-15,124.72,124.99,124.545,124.98,96687
2022-03-15,123.9833,124.71,123.96,124.71,102873
2022-03-15,124.22,124.38,123.95,124.01,93685
2022-03-15,124.3201,124.43,124.1,124.24,109994
2022-03-15,124.08,124.38,124.0,124.36,153037
2022-03-15,123.42,124.12,123.3135,124.04,94348
2022-03-15,123.84,124.05,123.25,123.45,110875
2022-03-15,123.85,124.15,123.4,123.85,203580
2022-03-15,124.0,124.39,123.22,123.8,269608
2022-03-15,124.2,124.2,124.2,124.2,200
2022-03-15,124.34,124.35,124.34,124.35,327
2022-03-15,124.35,124.35,124.35,124.35,462
2022-03-15,124.7,124.7,124.12,124.4,1873
2022-03-14,124.06,124.06,124.06,124.06,100
2022-03-14,124.0,124.0,124.0,124.0,500
2022-03-14,124.0,124.0,124.0,124.0,500
2022-03-14,124.0,124.0,124.0,124.0,204
2022-03-14,123.94,123.94,123.94,123.94,1293
2022-03-14,123.94,123.94,123.94,123.94,66665
2022-03-14,124.0,124.07,123.71,123.94,354664
2022-03-14,123.88,123.99,123.68,123.98,196350
2022-03-14,123.84,123.97,123.73,123.8902,85911
2022-03-14,123.7366,123.9,123.61,123.81,69574
2022-03-14,123.56,123.7819,123.46,123.74,44034
2022-03-14,123.45,123.7,123.45,123.55,51644
2022-03-14,123.56,123.56,123.35,123.45,80072
2022-03-14,123.59,123.6499,123.43,123.55,57456
2022-03-14,123.7,123.78,123.52,123.57,68163
2022-03-14,124.17,124.19,123.6,123.68,66396
2022-03-14,123.9,124.315,123.86,124.15,60057
2022-03-14,123.875,123.95,123.73,123.9072,86712
2022-03-14,124.2,124.23,123.8103,123.875,65906
2022-03-14,124.28,124.4,124.0915,124.24,80860
2022-03-14,124.03,124.31,124.01,124.27,68292
2022-03-14,124.6,124.6,124.01,124.05,68117
2022-03-14,124.625,124.635,124.28,124.61,135101
2022-03-14,124.7,124.84,124.54,124.57,75535
2022-03-14,124.93,124.99,124.56,124.69,60396
2022-03-14,125.12,125.16,124.87,124.95,105519
2022-03-14,124.59,125.1,124.48,125.09,158577
2022-03-14,123.98,124.65,123.98,124.6,101050
2022-03-14,123.67,124.16,123.35,123.96,95658
2022-03-14,123.53,123.9065,123.18,123.65,120536
2022-03-14,123.501,123.66,122.685,123.58,167875
2022-03-14,124.45,124.89,123.12,123.53,238750
2022-03-14,124.5,124.75,124.32,124.32,1011
2022-03-14,124.5,124.5,124.5,124.5,144
2022-03-14,124.25,124.4,124.25,124.4,1548
2022-03-14,124.01,124.01,124.01,124.01,250
2022-03-14,125.16,125.16,124.1,124.5,1882
2022-03-14,124.75,124.75,124.7,124.7,431
2022-03-14,125.16,125.39,124.9,125.39,2291
2022-03-14,125.15,125.17,124.96,124.96,1146
2022-03-14,125.0,125.0,125.0,125.0,997
2022-03-11,124.0,124.0,124.0,124.0,139
2022-03-11,124.01,124.03,123.96,123.96,1069
2022-03-11,124.02,124.02,124.02,124.02,500
2022-03-11,124.25,124.25,124.25,124.25,1000
2022-03-11,124.4,124.4,124.25,124.25,501
2022-03-11,123.96,123.96,123.96,123.96,5211
2022-03-11,123.96,124.74,123.96,124.74,87935
2022-03-11,124.29,124.31,123.91,123.97,540108
2022-03-11,124.41,124.4904,124.23,124.27,197422
2022-03-11,124.28,124.58,124.28,124.42,104131
2022-03-11,124.34,124.41,124.21,124.28,75042
2022-03-11,124.46,124.53,124.15,124.355,110627
2022-03-11,124.63,124.65,124.42,124.46,75977
2022-03-11,124.595,124.68,124.51,124.63,77630
2022-03-11,124.63,124.73,124.49,124.59,63291
2022-03-11,124.8,124.89,124.58,124.67,88049
2022-03-11,124.77,124.84,124.69,124.7899,48148
2022-03-11,124.48,124.84,124.4477,124.75,51445
2022-03-11,124.42,124.795,124.3,124.52,86076
2022-03-11,124.5,124.5599,124.39,124.42,66215
2022-03-11,124.62,124.76,124.45,124.48,90454
2022-03-11,124.675,124.93,124.64,124.66,101611
2022-03-11,124.85,124.9999,124.58,124.6787,94490
2022-03-11,125.225,125.3435,124.85,124.875,104346
2022-03-11,126.03,126.05,125.15,125.2,108615
2022-03-11,125.97,126.25,125.89,126.015,81524
2022-03-11,126.61,126.77,125.92,125.96,131644
2022-03-11,126.44,126.74,126.2,126.61,129999
2022-03-11,125.91,126.73,125.75,126.44,238463
2022-03-11,124.65,125.93,124.58,125.89,143564
2022-03-11,125.825,125.93,124.55,124.61,156495
2022-03-11,124.99,126.0,124.91,125.8429,170315
2022-03-11,125.0,125.14,124.42,125.015,272656
2022-03-11,125.03,125.3,125.03,125.03,2373
2022-03-11,125.03,125.03,125.03,125.03,638
2022-03-11,125.03,125.03,125.03,125.03,161
2022-03-11,125.5,125.5,125.5,125.5,105
2022-03-11,125.15,125.83,125.04,125.6,2555
2022-03-11,125.5,125.5,125.5,125.5,809
2022-03-11,125.5,125.5,125.5,125.5,100
2022-03-11,125.1,125.1,125.1,125.1,207
2022-03-11,125.48,125.5,125.48,125.5,601
2022-03-10,124.53,124.53,124.53,124.53,170
2022-03-10,124.53,124.53,124.53,124.53,111
2022-03-10,124.6,124.6,124.6,124.6,500
2022-03-10,124.53,124.53,124.53,124.53,600
2022-03-10,124.35,124.35,124.35,124.35,536
2022-03-10,124.53,124.53,124.53,124.53,500
2022-03-10,124.53,124.53,124.53,124.53,2272
2022-03-10,124.51,124.53,124.51,124.53,3551
2022-03-10,124.45,124.45,124.36,124.36,1085
2022-03-10,124.35,124.36,124.35,124.36,43180
2022-03-10,124.35,124.59,124.25,124.3,528771
2022-03-10,124.18,124.47,124.04,124.355,201737
2022-03-10,124.28,124.37,124.0523,124.17,191391
2022-03-10,124.3,124.33,124.075,124.26,131007
2022-03-10,124.1,124.455,124.09,124.28,122792
2022-03-10,124.16,124.33,124.08,124.11,97748
2022-03-10,124.125,124.36,124.06,124.16,115775
2022-03-10,123.66,124.2453,123.66,124.13,128564
2022-03-10,123.33,123.72,123.32,123.675,229175
2022-03-10,123.35,123.455,123.17,123.33,188597
2022-03-10,123.26,123.505,123.25,123.36,145813
2022-03-10,123.17,123.43,123.15,123.28,285243
2022-03-10,123.47,123.57,123.125,123.19,248980
2022-03-10,124.05,124.16,123.44,123.48,101667
2022-03-10,123.585,124.1,123.55,124.07,84910
2022-03-10,123.42,123.63,123.33,123.59,150855
2022-03-10,123.45,123.53,123.2575,123.435,125946
2022-03-10,123.64,123.68,123.43,123.45,167355
2022-03-10,123.86,123.86,123.55,123.64,163237
2022-03-10,124.09,124.2129,123.8,123.88,168128
2022-03-10,124.5928,124.86,124.07,124.11,150620
2022-03-10,124.8,124.95,124.51,124.58,112475
2022-03-10,125.24,125.42,124.76,124.76,158134
2022-03-10,125.44,125.88,125.24,125.25,103422
2022-03-10,125.37,125.521,124.85,125.45,162038
2022-03-10,125.75,126.03,125.3,125.39,425229
2022-03-10,125.8001,126.42,125.8001,126.42,3406
2022-03-10,125.99,125.99,125.8,125.8,1206
2022-03-10,125.9,125.99,125.9,125.99,376
2022-03-10,125.69,125.75,125.69,125.75,568
2022-03-10,125.37,125.59,125.32,125.59,2957
2022-03-10,125.71,125.71,125.4,125.4,634
2022-03-10,125.75,125.75,125.75,125.75,100
2022-03-10,125.4,125.5,125.4,125.5,470
2022-03-10,125.26,125.37,125.2,125.35,1709
2022-03-10,125.8,125.8,125.8,125.8,520
2022-03-09,126.43,126.44,126.4299,126.4299,1800
2022-03-09,126.35,126.44,126.35,126.3999,1245
2022-03-09,126.34,126.34,126.34,126.34,200
2022-03-09,126.3,126.3,126.3,126.3,119
2022-03-09,126.29,126.29,126.29,126.29,400
2022-03-09,126.3,126.3,126.3,126.3,107
2022-03-09,126.04,126.1,126.04,126.1,510
2022-03-09,126.32,126.32,126.32,126.32,100
2022-03-09,126.27,126.27,126.07,126.07,663
2022-03-09,126.22,126.27,126.1,126.27,74177
2022-03-09,126.57,126.67,126.02,126.24,591518
2022-03-09,126.96,127.025,126.515,126.58,204233
2022-03-09,126.84,126.99,126.77,126.965,123003
2022-03-09,126.43,126.865,126.35,126.83,153813
2022-03-09,126.58,126.77,126.42,126.42,98384
2022-03-09,126.99,127.02,126.54,126.58,109120
2022-03-09,126.6683,127.0305,126.59,126.975,93384
2022-03-09,126.8839,126.9,126.45,126.64,142812
2022-03-09,127.21,127.21,126.86,126.9,71241
2022-03-09,127.47,127.47,127.16,127.2,87590
2022-03-09,127.57,127.66,127.3984,127.48,72863
2022-03-09,127.62,127.665,127.41,127.57,95092
2022-03-09,127.61,127.65,127.42,127.64,88448
2022-03-09,127.74,127.89,127.57,127.625,80646
2022-03-09,127.7499,127.87,127.5,127.695,83409
2022-03-09,127.975,128.04,127.64,127.74,86238
2022-03-09,128.01,128.1,127.91,127.9743,90490
2022-03-09,127.42,128.09,127.42,128.02,122951
2022-03-09,127.48,127.69,127.37,127.41,93807
2022-03-09,127.29,127.6396,127.22,127.485,91232
2022-03-09,127.26,127.54,127.18,127.29,117933
2022-03-09,126.625,127.405,126.53,127.23,158171
2022-03-09,126.62,126.74,126.44,126.63,130578
2022-03-09,126.2,126.76,125.91,126.6,98644
2022-03-09,127.24,127.32,125.93,126.1426,117248
2022-03-09,127.41,127.69,126.7026,127.18,205603
2022-03-09,127.46,127.88,127.45,127.88,2475
2022-03-09,127.53,127.53,127.46,127.46,752
2022-03-09,127.54,127.54,127.54,127.54,607
2022-03-09,127.51,127.51,127.51,127.51,611
2022-03-09,127.3204,127.35,127.3204,127.35,1044
2022-03-09,127.0,127.0,127.0,127.0,321
2022-03-08,125.41,126.0,125.41,126.0,1020
2022-03-08,125.5,125.7,125.5,125.7,6209
2022-03-08,125.47,125.5,125.47,125.5,1000
2022-03-08,125.4,125.4,125.4,125.4,100
2022-03-08,125.5,125.5,125.5,125.5,105
2022-03-08,125.68,125.68,125.68,125.68,2551
2022-03-08,125.6799,125.6799,125.48,125.5,1466
2022-03-08,125.68,125.68,125.68,125.68,107123
2022-03-08,125.73,126.27,125.57,125.64,451041
2022-03-08,126.17,126.22,125.68,125.74,178982
2022-03-08,126.93,126.99,126.17,126.17,129914
2022-03-08,126.7589,127.18,126.68,126.93,138883
2022-03-08,126.49,126.82,126.49,126.73,91302
2022-03-08,126.17,126.47,125.98,126.47,71301
2022-03-08,125.82,126.19,125.46,126.1601,97223
2022-03-08,126.03,126.21,125.69,125.82,136830
2022-03-08,126.54,126.5599,125.8506,126.0552,139379
2022-03-08,127.26,127.26,126.36,126.57,93434
2022-03-08,127.93,127.995,127.2,127.24,79556
2022-03-08,127.64,128.345,127.63,127.91,159595
2022-03-08,127.58,127.74,127.26,127.625,253308
2022-03-08,127.11,127.73,127.04,127.56,203090
2022-03-08,126.75,127.12,126.6,127.12,146570
2022-03-08,125.71,126.78,125.66,126.76,101581
2022-03-08,124.87,125.701,124.85,125.65,122338
2022-03-08,125.19,125.25,124.82,124.87,151025
2022-03-08,125.68,125.73,125.14,125.22,106637
2022-03-08,126.17,126.19,125.44,125.69,103784
2022-03-08,126.125,126.27,125.87,126.1623,118760
2022-03-08,125.65,126.19,125.61,126.1895,124576
2022-03-08,125.59,125.92,125.44,125.61,126591
2022-03-08,126.11,126.13,125.32,125.59,178695
2022-03-08,126.67,126.9,126.1,126.1102,149069
2022-03-08,126.62,127.25,125.87,126.71,296948
2022-03-08,125.91,127.0,125.91,126.86,3385
2022-03-08,126.07,126.07,126.07,126.07,381
2022-03-08,125.8001,125.8001,125.8001,125.8001,128
2022-03-08,125.8001,125.8001,125.8,125.8,811
2022-03-08,125.8118,126.77,125.8,126.77,600
2022-03-08,125.82,125.82,125.8,125.82,932
2022-03-08,125.82,125.82,125.8,125.8,1189
2022-03-08,125.8,125.8,125.8,125.8,300
2022-03-07,125.5,125.5,125.5,125.5,1009
2022-03-07,125.5,125.5,125.5,125.5,400
2022-03-07,126.07,126.07,125.999,125.999,947
2022-03-07,126.07,126.07,126.07,126.07,436
2022-03-07,125.35,125.35,125.35,125.35,616
2022-03-07,125.365,125.365,125.365,125.365,100
2022-03-07,125.0037,125.37,125.0037,125.37,281
2022-03-07,126.07,126.07,126.07,126.07,40115
2022-03-07,126.41,126.42,126.02,126.07,539257
2022-03-07,126.36,126.47,126.09,126.39,218007
2022-03-07,126.315,126.5,126.16,126.365,188723
2022-03-07,126.38,126.48,126.165,126.31,106085
2022-03-07,126.215,126.59,126.17,126.36,132789
2022-03-07,126.58,126.66,126.16,126.215,190685
2022-03-07,126.86,126.96,126.59,126.61,120756
2022-03-07,126.525,126.89,126.47,126.86,100892
2022-03-07,126.325,126.53,126.19,126.52,124552
2022-03-07,126.115,126.5,126.0,126.33,102407
2022-03-07,126.14,126.16,125.62,126.08,148553
2022-03-07,125.965,126.47,125.965,126.14,95782
2022-03-07,126.025,126.265,125.68,125.985,137972
2022-03-07,126.36,126.37,126.01,126.015,121477
2022-03-07,126.73,126.81,126.18,126.38,133837
2022-03-07,126.89,126.89,126.52,126.75,138730
2022-03-07,127.395,127.68,126.87,126.91,192773
2022-03-07,127.71,127.77,127.1505,127.4,122607
2022-03-07,127.25,127.72,127.25,127.72,132191
2022-03-07,127.485,127.485,127.12,127.285,125475
2022-03-07,127.7864,127.905,127.29,127.53,140298
2022-03-07,127.34,127.82,127.34,127.79,250200
2022-03-07,126.725,127.6,126.725,127.34,192061
2022-03-07,126.48,127.1167,126.27,126.72,142591
2022-03-07,126.5,127.01,126.43,126.56,147697
2022-03-07,126.47,127.13,125.91,126.54,376339
2022-03-07,126.5,126.5,126.5,126.5,540
2022-03-07,126.2,126.2,126.02,126.05,1105
2022-03-07,126.0,126.0,126.0,126.0,300
2022-03-07,126.0,126.2,126.0,126.0,3703
2022-03-07,125.75,125.75,125.75,125.75,436
2022-03-07,125.195,125.9,124.53,125.7,3876
2022-03-07,125.71,125.71,125.7,125.7,400
2022-03-07,125.4,125.41,125.4,125.41,885
2022-03-07,124.54,125.0,124.5,125.0,1502
2022-03-07,124.93,124.93,124.93,124.93,393
2022-03-07,126.65,126.65,125.93,125.93,323
2022-03-04,137.24,137.24,137.24,137.24,257
2022-03-04,126.7,126.7,126.7,126.7,308
2022-03-04,126.87,126.87,126.62,126.87,833
2022-03-04,127.0,127.0,127.0,127.0,500
2022-03-04,126.62,126.62,126.62,126.62,92746
2022-03-04,126.39,126.8,126.2369,126.63,514504
2022-03-04,126.43,126.525,126.13,126.4,198149
2022-03-04,125.97,126.56,125.96,126.43,137071
2022-03-04,126.01,126.265,125.85,125.9923,105197
2022-03-04,126.04,126.3,125.97,125.99,129583
2022-03-04,126.265,126.42,126.05,126.0599,71930
2022-03-04,125.85,126.36,125.76,126.2526,82133
2022-03-04,125.95,125.98,125.73,125.8156,74813
2022-03-04,126.2,126.3325,125.85,125.91,63196
2022-03-04,126.55,126.67,126.15,126.19,119285
2022-03-04,127.015,127.12,126.5,126.55,133659
2022-03-04,126.81,127.35,126.81,127.035,210685
2022-03-04,126.7,126.8809,126.53,126.8,114152
2022-03-04,126.73,127.02,126.67,126.72,172226
2022-03-04,126.395,126.79,126.235,126.73,216923
2022-03-04,125.61,126.42,125.45,126.4,130488
2022-03-04,125.7013,125.85,125.54,125.6,76641
2022-03-04,125.5,125.84,125.38,125.665,98597
2022-03-04,125.48,125.82,125.39,125.55,129074
2022-03-04,125.4,125.58,125.25,125.485,142116
2022-03-04,125.2115,125.5,125.14,125.385,121443
2022-03-04,125.43,125.45,125.0,125.18,126696
2022-03-04,124.82,125.43,124.7,125.43,122401
2022-03-04,125.18,125.31,124.54,124.8,143803
2022-03-04,124.822,125.23,124.55,125.18,137231
2022-03-04,124.4,125.08,124.2103,124.845,239319
2022-03-04,125.0,125.0,124.22,124.44,2888
2022-03-04,125.3,125.3,125.3,125.3,150
2022-03-04,125.2511,125.2511,125.2511,125.2511,100
2022-03-04,125.3,125.3,125.3,125.3,568
2022-03-04,124.5005,124.5005,124.5005,124.5005,200
2022-03-04,124.55,124.69,124.55,124.6,1637
2022-03-04,124.67,124.69,124.67,124.69,1507
2022-03-04,124.65,124.65,124.65,124.65,491
2022-03-04,124.5,124.5,124.32,124.32,1637
2022-03-03,124.53,125.0,123.89,125.0,1476
2022-03-03,125.28,125.28,125.0,125.0,1297
2022-03-03,125.5,125.5,125.28,125.29,1115
2022-03-03,126.15,126.15,125.96,125.96,893
2022-03-03,125.95,125.95,125.95,125.95,300
2022-03-03,126.19,126.19,126.19,126.19,100
2022-03-03,125.93,125.93,125.5,125.93,85747
2022-03-03,125.635,126.02,125.59,125.92,493321
2022-03-03,126.35,126.37,125.64,125.65,238701
2022-03-03,126.08,126.38,125.97,126.35,173775
2022-03-03,126.21,126.2505,125.98,126.11,275134
2022-03-03,126.33,126.35,126.06,126.2195,180354
2022-03-03,126.66,126.665,126.29,126.292,113855
2022-03-03,126.48,126.66,126.425,126.66,111732
2022-03-03,126.25,126.55,126.13,126.515,132291
2022-03-03,126.215,126.62,126.215,126.27,140613
2022-03-03,126.366,126.366,125.99,126.2,91177
2022-03-03,126.1254,126.4158,125.97,126.34,157761
2022-03-03,126.1,126.14,125.88,126.125,121630
2022-03-03,125.86,126.25,125.74,126.12,194088
2022-03-03,125.145,125.85,125.08,125.83,360157
2022-03-03,125.29,125.35,125.01,125.12,76617
2022-03-03,124.89,125.42,124.87,125.29,67524
2022-03-03,124.685,125.0213,124.61,124.875,67068
2022-03-03,124.65,124.82,124.425,124.73,83218
2022-03-03,124.275,124.79,124.27,124.66,135856
2022-03-03,124.67,124.82,124.2351,124.31,201457
2022-03-03,124.87,125.08,124.37,124.6933,194913
2022-03-03,125.2676,125.29,124.8,124.865,123919
2022-03-03,125.34,125.59,125.065,125.245,110129
2022-03-03,125.47,125.61,124.76,125.32,188427
2022-03-03,125.3,125.59,124.96,125.46,212106
2022-03-03,124.96,125.5585,124.46,125.4099,233635
2022-03-03,124.65,124.98,124.65,124.98,2105
2022-03-03,124.6,124.6,124.5,124.5,735
2022-03-03,124.7,124.7,124.69,124.7,1306
2022-03-03,124.53,124.56,124.53,124.55,3074
2022-03-03,124.1,124.25,124.1,124.24,1337
2022-03-03,124.2,124.2,124.2,124.2,283
2022-03-02,123.49,123.55,123.49,123.55,401
2022-03-02,123.86,123.86,123.86,123.86,100
2022-03-02,123.86,123.86,123.86,123.86,70361
2022-03-02,124.14,124.3,123.71,123.85,444194
2022-03-02,124.11,124.35,124.09,124.14,214123
2022-03-02,123.765,124.115,123.62,124.085,154101
2022-03-02,123.83,124.08,123.7128,123.76,100346
2022-03-02,124.17,124.17,123.74,123.83,91890
2022-03-02,124.045,124.21,123.92,124.18,81876
2022-03-02,124.29,124.35,123.935,124.05,83386
2022-03-02,124.38,124.44,124.27,124.29,84255
2022-03-02,124.35,124.43,124.2,124.3801,68600
2022-03-02,124.36,124.51,124.22,124.34,66544
2022-03-02,124.39,124.55,124.29,124.4223,83116
2022-03-02,124.27,124.45,124.24,124.38,112760
2022-03-02,124.375,124.3929,124.14,124.26,78574
2022-03-02,124.17,124.485,124.14,124.36,106248
2022-03-02,124.11,124.32,123.9485,124.155,76863
2022-03-02,124.09,124.39,123.91,124.12,97500
2022-03-02,123.92,124.17,123.87,124.075,134896
2022-03-02,124.305,124.64,123.9,123.9,190585
2022-03-02,124.46,124.5,124.12,124.305,141548
2022-03-02,123.47,124.4856,123.3,124.44,348523
2022-03-02,123.4,123.56,123.16,123.48,100500
2022-03-02,123.09,123.61,122.745,123.35,123504
2022-03-02,122.53,123.2269,122.46,123.04,225419
2022-03-02,121.87,122.77,121.87,122.5653,168670
2022-03-02,122.19,122.74,121.8,121.86,618010
2022-03-02,122.59,123.02,122.0,122.24,272642
2022-03-02,121.8,123.39,121.8,123.39,10293
2022-03-02,121.6,121.6,121.6,121.6,773
2022-03-02,121.6,121.6,121.6,121.6,100
2022-03-02,121.5,121.5975,121.5,121.5975,200
2022-03-02,121.55,121.55,121.55,121.55,129
2022-03-02,121.8,121.8,121.8,121.8,1999
2022-03-02,121.8,121.8,121.8,121.8,200
2022-03-02,121.77,121.8,121.77,121.8,237
2022-03-01,121.51,121.51,121.51,121.51,166
2022-03-01,121.35,121.35,121.35,121.35,1027
2022-03-01,121.35,121.35,121.35,121.35,1299
2022-03-01,121.35,121.61,121.01,121.36,1103059
2022-03-01,121.29,121.5,121.03,121.4,509235
2022-03-01,121.59,121.6292,121.29,121.35,169272
2022-03-01,121.89,121.89,121.585,121.61,133170
2022-03-01,121.505,122.23,121.45,121.88,111924
2022-03-01,121.74,121.81,121.41,121.505,106891
2022-03-01,121.55,122.02,121.48,121.72,173083
2022-03-01,121.1076,121.63,121.0,121.54,88845
2022-03-01,121.15,121.26,121.01,121.105,69396
2022-03-01,121.11,121.25,120.97,121.13,50859
2022-03-01,120.79,121.25,120.79,121.11,65648
2022-03-01,121.2269,121.26,120.79,120.79,69688
2022-03-01,121.4,121.6,121.12,121.22,71738
2022-03-01,121.3687,121.5801,121.25,121.42,58148
2022-03-01,121.15,121.395,121.1005,121.3406,63063
2022-03-01,121.0889,121.2384,120.94,121.15,68104
2022-03-01,120.828,121.105,120.76,121.105,103282
2022-03-01,121.03,121.045,120.7,120.8521,86001
2022-03-01,121.37,121.37,120.9475,121.0325,121600
2022-03-01,121.38,121.41,121.03,121.3875,96161
2022-03-01,121.05,121.455,121.04,121.36,86723
2022-03-01,120.8357,121.24,120.75,121.1,94422
2022-03-01,121.27,121.27,120.7251,120.85,148937
2022-03-01,121.72,121.83,121.12,121.27,107378
2022-03-01,121.88,122.1799,121.52,121.68,91110
2022-03-01,122.6,122.64,121.75,121.8497,134013
2022-03-01,122.67,123.39,122.2,122.535,259086
2022-03-01,122.6,122.6,122.6,122.6,100
2022-03-01,122.033,122.033,122.033,122.033,107
2022-03-01,122.71,122.7164,122.71,122.7164,202
2022-03-01,122.05,122.05,122.0,122.05,1518
2022-03-01,121.75,121.75,121.75,121.75,250
2022-03-01,122.0001,122.0001,122.0,122.0,687
2022-03-01,122.0,122.0,122.0,122.0,2486
2022-03-01,121.66,121.66,121.66,121.66,210
2022-03-01,122.0,122.0,122.0,122.0,261
2022-03-01,122.03,122.03,122.03,122.03,106
2022-03-01,122.26,122.26,122.26,122.26,141
2022-02-28,122.52,122.52,122.52,122.52,300
2022-02-28,122.65,122.65,122.65,122.65,435
2022-02-28,122.65,122.65,122.65,122.65,165
2022-02-28,122.65,122.65,122.65,122.65,468
2022-02-28,122.56,122.56,122.55,122.55,500
2022-02-28,122.64,122.64,122.64,122.64,560
2022-02-28,122.51,122.51,122.51,122.51,487314
2022-02-28,121.97,122.62,121.97,122.42,663451
2022-02-28,121.77,122.05,121.32,121.97,267055
2022-02-28,121.57,121.98,121.52,121.77,143793
2022-02-28,121.53,121.75,121.35,121.51,124836
2022-02-28,121.6074,121.6994,121.43,121.55,94260
2022-02-28,121.0998,121.63,121.0388,121.6199,105516
2022-02-28,121.22,121.3526,121.05,121.1133,106528
2022-02-28,121.9904,122.01,121.13,121.24,124698
2022-02-28,121.745,122.09,121.52,122.035,73485
2022-02-28,121.83,121.94,121.62,121.71,102362
2022-02-28,122.23,122.23,121.76,121.8525,97060
2022-02-28,122.07,122.32,122.02,122.23,67514
2022-02-28,122.17,122.23,121.84,122.09,112477
2022-02-28,122.25,122.28,122.02,122.2009,94667
2022-02-28,122.56,122.56,122.22,122.263,109210
2022-02-28,123.36,123.3851,122.52,122.58,102848
2022-02-28,123.215,123.38,122.8601,123.37,77596
2022-02-28,123.25,123.3,123.0269,123.22,101639
2022-02-28,122.675,123.25,122.55,123.21,136900
2022-02-28,122.7335,122.8413,122.58,122.65,86895
2022-02-28,122.54,122.8,122.4195,122.7331,94491
2022-02-28,121.87,122.6,121.8,122.5687,141291
2022-02-28,122.135,122.2494,121.88,121.88,109905
2022-02-28,121.71,122.2,121.66,122.14,147186
2022-02-28,121.915,122.145,121.45,121.7,250444
2022-02-28,122.21,122.97,121.51,121.86,456113
2022-02-28,121.97,123.16,121.97,122.04,7164
2022-02-28,123.2,123.2,123.13,123.13,1068
2022-02-28,122.96,122.96,122.96,122.96,828
2022-02-28,123.55,123.55,122.8,122.8,3539
2022-02-28,123.55,123.55,123.55,123.55,233
2022-02-28,123.408,124.14,123.0,123.68,4916
2022-02-28,123.91,123.95,123.91,123.95,643
2022-02-28,123.9,123.9,123.9,123.9,100
2022-02-28,123.5,123.5,123.5,123.5,200
2022-02-28,124.11,124.11,124.11,124.11,289
2022-02-25,124.11,124.11,124.11,124.11,149
2022-02-25,124.17,124.17,124.17,124.17,100
2022-02-25,124.18,124.18,124.18,124.18,203
2022-02-25,124.43,124.43,124.02,124.02,941
2022-02-25,123.77,123.77,123.77,123.77,125
2022-02-25,124.18,124.98,124.18,124.98,15858
2022-02-25,124.18,124.18,124.18,124.18,99019
2022-02-25,124.02,124.23,123.9,124.18,497628
2022-02-25,124.02,124.19,123.735,124.03,172162
2022-02-25,123.93,124.18,123.8533,124.01,119397
2022-02-25,124.0037,124.0093,123.79,123.93,92457
2022-02-25,124.0693,124.16,123.78,124.01,101901
2022-02-25,124.13,124.18,123.88,124.065,161701
2022-02-25,124.12,124.16,123.9579,124.11,129674
2022-02-25,123.96,124.145,123.7605,124.1,80840
2022-02-25,124.26,124.2625,123.87,123.9769,81932
2022-02-25,123.9,124.26,123.74,124.26,81923
2022-02-25,123.65,124.0,123.595,123.885,69641
2022-02-25,123.76,123.88,123.51,123.64,105917
2022-02-25,124.0,124.08,123.66,123.75,132275
2022-02-25,123.675,124.03,123.65,123.98,92771
2022-02-25,123.38,123.684,123.375,123.684,86933
2022-02-25,123.49,123.65,123.36,123.38,107255
2022-02-25,123.18,123.56,122.88,123.4915,124060
2022-02-25,123.32,123.56,123.12,123.14,147122
2022-02-25,123.55,123.61,123.24,123.34,144907
2022-02-25,123.01,123.535,122.82,123.535,155727
2022-02-25,122.49,123.1,122.45,122.99,159012
2022-02-25,122.65,122.67,122.16,122.44,134476
2022-02-25,122.22,122.64,122.1,122.635,121297
2022-02-25,121.92,122.3096,121.45,122.27,177575
2022-02-25,122.28,122.54,121.68,121.99,172611
2022-02-25,122.05,122.7498,121.56,122.23,248029
2022-02-25,121.9,121.9,121.9,121.9,100
2022-02-25,122.005,122.15,121.9,121.9,4772
2022-02-25,122.25,122.35,122.15,122.1501,1052
2022-02-25,122.13,122.36,122.13,122.35,1201
2022-02-25,121.7,121.8,121.7,121.75,7207
2022-02-25,121.4999,121.8,121.03,121.79,2671
2022-02-25,121.49,121.5,121.49,121.5,4733
2022-02-25,121.5,121.5,121.5,121.5,303
2022-02-25,121.2,121.5,121.2,121.5,459
2022-02-25,121.5,121.5,121.5,121.5,150
2022-02-25,121.48,121.48,121.48,121.48,100
2022-02-24,121.11,121.11,121.11,121.11,280
2022-02-24,121.54,121.55,121.06,121.55,992
2022-02-24,121.1,121.1,121.1,121.1,132
2022-02-24,121.76,121.76,121.7,121.7,996
2022-02-24,121.76,121.76,121.76,121.76,250
2022-02-24,121.93,121.93,121.93,121.93,100
2022-02-24,121.97,121.97,121.97,121.97,18754
2022-02-24,121.74,121.74,121.74,121.74,204
2022-02-24,121.96,121.96,121.96,121.96,212
2022-02-24,121.97,121.97,121.75,121.75,22386
2022-02-24,121.97,122.15,121.73,121.74,103976
2022-02-24,121.38,122.1,121.3499,121.96,670054
2022-02-24,120.9,121.6,120.81,121.4,227950
2022-02-24,121.3,121.38,120.85,120.895,187928
2022-02-24,120.95,121.32,120.87,121.31,112201
2022-02-24,120.775,120.99,120.7308,120.9501,115212
2022-02-24,120.32,121.02,120.3,120.76,144530
2022-02-24,120.005,120.36,119.9,120.32,110012
2022-02-24,120.01,120.1175,119.6691,119.95,177421
2022-02-24,119.73,120.519,119.5601,119.97,126018
2022-02-24,119.71,119.85,119.5,119.68,116326
2022-02-24,119.54,120.3,119.5,119.705,224577
2022-02-24,119.28,119.72,119.05,119.545,125551
2022-02-24,119.58,119.685,119.28,119.3078,144501
2022-02-24,119.43,119.63,119.07,119.54,148172
2022-02-24,119.43,119.47,119.07,119.47,113867
2022-02-24,119.71,119.76,119.4,119.435,133627
2022-02-24,119.69,119.78,119.43,119.73,150308
2022-02-24,119.82,120.0,119.63,119.66,157694
2022-02-24,120.115,120.2,119.76,119.83,218600
2022-02-24,119.685,120.3294,119.66,120.12,218605
2022-02-24,120.16,120.16,119.59,119.67,182936
2022-02-24,120.42,120.68,119.99,120.1791,188348
2022-02-24,120.55,120.655,120.13,120.47,287574
2022-02-24,120.01,120.59,119.88,120.57,307959
2022-02-24,119.07,120.13,118.81,120.07,355270
2022-02-24,120.0,120.02,118.9,119.1,573153
2022-02-24,119.99,119.99,119.7,119.9,1504
2022-02-24,119.6,120.0,119.6,120.0,1289
2022-02-24,119.7,119.8,119.6,119.76,2997
2022-02-24,119.6,119.7,119.5,119.62,3328
2022-02-24,119.6,119.6,119.5,119.5,1698
2022-02-24,120.0001,120.23,119.1001,119.6,7599
2022-02-24,119.75,119.75,119.75,119.75,775
2022-02-24,119.4,119.45,119.4,119.45,1469
2022-02-24,119.5,119.5,119.25,119.25,1206
2022-02-24,120.0,120.25,119.46,119.46,5811
2022-02-24,119.56,119.6,119.5,119.6,652
2022-02-24,120.12,120.12,120.01,120.01,1230
2022-02-24,120.06,120.06,120.06,120.06,100
2022-02-24,120.05,120.1,120.05,120.1,1318
2022-02-23,121.87,121.87,121.86,121.86,779
2022-02-23,121.88,121.88,121.88,121.88,108
2022-02-23,121.91,121.91,121.9,121.9,790
2022-02-23,122.05,122.05,122.05,122.05,401
2022-02-23,121.95,121.95,121.95,121.95,200
2022-02-23,122.4,122.4,122.08,122.08,3192
2022-02-23,122.07,122.07,122.07,122.07,1748
2022-02-23,122.07,122.07,122.07,122.07,77907
2022-02-23,122.06,122.22,121.95,122.1,531779
2022-02-23,122.42,122.42,121.87,122.05,199656
2022-02-23,122.14,122.45,121.97,122.43,158969
2022-02-23,122.29,122.32,121.97,122.16,142355
2022-02-23,122.23,122.51,122.12,122.28,99262
2022-02-23,122.46,122.6,122.1,122.22,97233
2022-02-23,122.51,122.69,122.3,122.45,125206
2022-02-23,122.79,122.85,122.51,122.545,98851
2022-02-23,122.7843,123.1,122.67,122.8,85217
2022-02-23,122.72,122.81,122.52,122.79,109375
2022-02-23,122.92,122.99,122.661,122.68,104782
2022-02-23,123.28,123.28,122.87,122.94,147779
2022-02-23,123.76,123.805,123.24,123.29,203509
2022-02-23,124.03,124.0381,123.6875,123.76,77333
2022-02-23,123.5,124.05,123.5,124.0195,79538
2022-02-23,123.64,123.665,123.45,123.48,116379
2022-02-23,123.28,123.73,123.255,123.625,75859
2022-02-23,123.2,123.53,123.18,123.2651,82481
2022-02-23,123.2208,123.34,122.965,123.2,93737
2022-02-23,123.2664,123.384,123.0606,123.2244,72556
2022-02-23,123.18,123.33,123.01,123.25,81315
2022-02-23,123.1,123.3984,122.95,123.22,95222
2022-02-23,123.5525,123.74,123.1,123.13,100661
2022-02-23,123.89,123.91,123.54,123.5572,82202
2022-02-23,124.17,124.41,123.85,123.89,108745
2022-02-23,124.38,124.7,123.71,124.04,211307
2022-02-23,124.7,124.7,124.52,124.53,1826
2022-02-23,124.65,124.65,124.65,124.65,250
2022-02-23,124.74,124.74,124.74,124.74,944
2022-02-23,124.49,124.49,124.49,124.49,252
2022-02-23,124.48,124.48,124.48,124.48,111
2022-02-23,124.6,124.6,124.45,124.45,432
2022-02-22,124.48,124.48,124.48,124.48,2000
2022-02-22,124.35,124.35,124.35,124.35,250
2022-02-22,124.35,124.35,124.35,124.35,2200
2022-02-22,124.14,124.34,124.14,124.34,456
2022-02-22,124.14,124.14,124.14,124.14,803
2022-02-22,124.31,124.31,124.01,124.09,1295
2022-02-22,123.92,123.92,123.92,123.92,510
2022-02-22,123.92,123.92,123.92,123.92,94895
2022-02-22,123.9,123.96,123.51,123.89,545406
2022-02-22,124.1275,124.31,123.89,123.91,179147
2022-02-22,124.26,124.3586,123.93,124.16,123376
2022-02-22,123.985,124.38,123.9401,124.26,130051
2022-02-22,123.36,124.22,123.238,123.98,124866
2022-02-22,123.43,123.62,123.27,123.375,107861
2022-02-22,123.17,123.655,123.02,123.43,147116
2022-02-22,123.45,123.45,123.04,123.16,329010
2022-02-22,123.3409,123.52,123.21,123.48,92570
2022-02-22,123.72,123.75,123.32,123.36,98861
2022-02-22,123.82,123.83,123.51,123.7342,113449
2022-02-22,123.93,124.02,123.74,123.79,80268
2022-02-22,124.265,124.276,123.8085,123.9,96955
2022-02-22,124.2,124.37,124.1,124.28,90052
2022-02-22,124.3729,124.3729,124.115,124.21,142078
2022-02-22,124.37,124.53,124.29,124.38,134035
2022-02-22,124.25,124.4,124.11,124.385,117676
2022-02-22,124.235,124.44,124.08,124.27,107513
2022-02-22,124.055,124.4,123.91,124.25,129109
2022-02-22,123.95,124.3,123.81,124.06,113025
2022-02-22,124.4266,124.6,123.95,123.96,158081
2022-02-22,124.78,124.81,124.33,124.445,97403
2022-02-22,124.85,124.935,124.455,124.78,136357
2022-02-22,124.88,125.0,124.55,124.81,179427
2022-02-22,122.77,124.88,122.68,124.88,258680
2022-02-22,124.2,124.635,122.68,122.8,395498
2022-02-22,123.6,124.02,123.56,124.02,2891
2022-02-22,123.95,124.0,123.65,123.69,4379
2022-02-22,124.0,124.05,123.85,124.03,2711
2022-02-22,124.01,124.01,124.0,124.0,970
2022-02-22,124.57,124.57,124.0,124.07,1880
2022-02-22,124.35,124.35,124.0,124.0,1482
2022-02-22,124.36,124.36,124.35,124.35,300
2022-02-22,124.21,124.21,124.2,124.21,537
2022-02-22,124.2,124.2,123.56,124.16,3046
2022-02-22,124.19,124.19,124.19,124.19,145
2022-02-22,123.19,123.45,123.19,123.45,1931
2022-02-22,123.13,123.13,123.13,123.13,216
2022-02-22,123.43,123.43,123.43,123.43,410
2022-02-22,122.82,122.82,122.82,122.82,256
2022-02-18,123.68,123.68,123.66,123.66,626
2022-02-18,124.35,124.35,124.35,124.35,10677
2022-02-18,124.6,124.6,124.35,124.35,1253
2022-02-18,124.35,124.9,124.35,124.9,15444
2022-02-18,124.35,124.35,123.75,124.35,107108
2022-02-18,124.57,124.67,124.23,124.39,647028
2022-02-18,124.48,124.635,124.08,124.55,235331
2022-02-18,124.62,124.691,124.425,124.49,142142
2022-02-18,124.89,124.99,124.49,124.6,111684
2022-02-18,124.512,124.92,124.38,124.91,97085
2022-02-18,124.755,124.9,124.48,124.51,76265
2022-02-18,124.4,124.83,124.38,124.754,91548
2022-02-18,124.2,124.43,124.15,124.4,93477
2022-02-18,123.8,124.25,123.8,124.195,91326
2022-02-18,123.84,124.0,123.72,123.79,114762
2022-02-18,124.345,124.345,123.85,123.89,125517
2022-02-18,124.37,124.54,124.3111,124.4,89655
2022-02-18,124.235,124.51,124.12,124.375,97836
2022-02-18,124.26,124.45,124.0901,124.275,101566
2022-02-18,124.14,124.4851,124.12,124.26,95484
2022-02-18,124.01,124.2525,123.925,124.18,89931
2022-02-18,124.15,124.3199,123.9401,124.02,115200
2022-02-18,124.12,124.275,123.94,124.165,114925
2022-02-18,123.73,124.12,123.73,124.07,113563
2022-02-18,124.0431,124.2,123.61,123.728,219268
2022-02-18,124.39,124.42,124.01,124.035,157193
2022-02-18,124.55,124.655,124.35,124.385,109642
2022-02-18,124.99,125.06,124.525,124.525,100405
2022-02-18,124.7,125.1909,124.6207,124.915,173802
2022-02-18,124.65,124.83,124.3,124.74,166266
2022-02-18,124.94,125.44,124.57,124.62,314919
2022-02-18,125.0501,125.11,124.75,125.11,2382
2022-02-18,125.4,125.4,125.05,125.05,943
2022-02-18,125.1004,125.2731,124.9,125.2,2051
2022-02-18,125.1132,125.4748,125.1004,125.4748,586
2022-02-18,125.85,125.85,125.5299,125.53,844
2022-02-18,125.5,125.5,125.5,125.5,349
2022-02-18,125.5,125.5,125.5,125.5,1000
2022-02-18,125.51,125.51,125.51,125.51,579
2022-02-18,125.51,125.51,125.51,125.51,720
2022-02-18,125.52,125.52,125.51,125.51,423
2022-02-17,125.01,125.01,125.01,125.01,249
2022-02-17,125.15,125.15,125.15,125.15,200
2022-02-17,125.06,125.06,125.0599,125.06,495
2022-02-17,125.14,125.14,125.06,125.06,613
2022-02-17,125.15,125.15,125.15,125.15,215
2022-02-17,125.49,125.49,125.0,125.0,683
2022-02-17,125.0,125.1,125.0,125.1,1341
2022-02-17,125.0,125.0,124.97,124.97,45496
2022-02-17,124.97,128.0,124.97,125.0999,45085
2022-02-17,125.64,125.77,124.93,124.97,697771
2022-02-17,125.28,125.68,125.14,125.6355,279955
2022-02-17,124.9109,125.3163,124.87,125.26,147455
2022-02-17,125.4123,125.51,124.85,124.9181,329121
2022-02-17,125.49,125.61,125.35,125.42,129856
2022-02-17,125.56,125.61,125.35,125.475,165610
2022-02-17,125.44,125.72,125.39,125.5546,106981
2022-02-17,125.65,125.6522,125.36,125.4399,136134
2022-02-17,125.665,125.7,125.5675,125.65,97129
2022-02-17,125.82,125.96,125.63,125.67,109672
2022-02-17,125.74,126.0461,125.74,125.84,108260
2022-02-17,125.75,125.83,125.69,125.73,106415
2022-02-17,125.645,125.83,125.58,125.74,114964
2022-02-17,125.9565,125.97,125.63,125.65,139597
2022-02-17,125.9,126.23,125.8939,125.9728,140370
2022-02-17,126.04,126.19,125.8,125.88,164971
2022-02-17,126.17,126.311,126.04,126.06,213148
2022-02-17,126.2,126.465,126.09,126.17,175205
2022-02-17,125.88,126.24,125.79,126.23,159448
2022-02-17,125.545,125.96,125.44,125.9,220973
2022-02-17,125.84,125.98,125.32,125.55,274824
2022-02-17,125.86,126.29,125.82,125.87,293186
2022-02-17,126.5,126.52,125.66,125.86,790046
2022-02-17,126.91,126.91,126.37,126.5,338266
2022-02-17,127.76,128.0699,126.8,126.89,291386
2022-02-17,128.05,128.5,127.5294,127.72,282112
2022-02-17,129.02,129.02,128.2,128.2,2841
2022-02-17,128.55,128.55,128.55,128.55,476
2022-02-17,129.0,129.0,128.75,128.75,1188
2022-02-17,129.18,129.18,129.0,129.0,1121
2022-02-17,129.28,129.3,129.0,129.0,1345
2022-02-17,129.15,129.15,129.15,129.15,220
2022-02-17,129.08,129.08,129.08,129.08,326
2022-02-16,129.12,129.12,129.09,129.09,402
2022-02-16,129.17,129.17,129.17,129.17,100
2022-02-16,129.17,129.17,129.17,129.17,200
2022-02-16,129.3,129.3,129.3,129.3,200
2022-02-16,129.11,129.11,129.11,129.11,150
2022-02-16,129.26,129.38,129.26,129.38,500
2022-02-16,129.2,129.2,129.2,129.2,512
2022-02-16,129.28,129.28,129.28,129.28,100
2022-02-16,129.18,129.18,129.05,129.05,44863
2022-02-16,129.18,129.43,129.03,129.18,455074
2022-02-16,129.22,129.31,128.88,129.1838,254682
2022-02-16,129.02,129.3,128.91,129.2504,129560
2022-02-16,128.89,129.15,128.7437,129.02,280890
2022-02-16,128.88,128.9599,128.71,128.895,218155
2022-02-16,129.0038,129.26,128.8,128.89,212571
2022-02-16,128.74,129.15,128.74,129.0084,183631
2022-02-16,128.55,129.005,128.35,128.77,121493
2022-02-16,128.52,128.57,128.42,128.54,103454
2022-02-16,128.52,128.7,128.425,128.51,84562
2022-02-16,128.69,128.7,128.52,128.53,77812
2022-02-16,128.68,128.84,128.625,128.69,110994
2022-02-16,128.47,128.835,128.45,128.7,100440
2022-02-16,128.61,128.62,128.26,128.47,115644
2022-02-16,128.78,128.81,128.61,128.64,57769
2022-02-16,128.78,128.98,128.71,128.79,108670
2022-02-16,128.75,128.84,128.675,128.8,79318
2022-02-16,128.93,128.95,128.64,128.74,121455
2022-02-16,128.93,128.99,128.62,128.95,110833
2022-02-16,128.68,128.9312,128.52,128.91,125370
2022-02-16,128.9713,128.9713,128.51,128.655,305416
2022-02-16,128.645,129.02,128.5671,128.98,232074
2022-02-16,128.77,128.7899,128.43,128.65,161600
2022-02-16,129.17,129.29,128.61,128.76,183842
2022-02-16,130.1001,130.34,128.95,129.11,182683
2022-02-16,129.45,130.44,129.4,130.11,271897
2022-02-16,129.61,129.61,129.5,129.5,735
2022-02-16,129.9,129.9,129.9,129.9,102
2022-02-16,130.09,130.29,129.9,130.29,1951
2022-02-16,130.05,130.2099,130.05,130.2099,201
2022-02-16,130.269,130.269,130.2,130.2,525
2022-02-16,130.2699,130.27,130.2699,130.2699,1537
2022-02-16,130.3,130.3,130.3,130.3,115
2022-02-16,130.05,130.05,130.05,130.05,470
2022-02-16,130.2,130.2,130.2,130.2,303
2022-02-15,129.7,129.7,129.7,129.7,200
2022-02-15,129.92,129.92,129.8,129.8,820
2022-02-15,129.9,129.9,129.9,129.9,240
2022-02-15,129.9399,129.9399,129.9399,129.9399,100
2022-02-15,129.94,129.95,129.94,129.95,701
2022-02-15,130.05,130.05,129.95,129.95,2750
2022-02-15,129.9499,129.95,129.9499,129.95,1096
2022-02-15,129.95,129.95,129.85,129.85,980
2022-02-15,129.94,130.14,129.94,130.0,73271
2022-02-15,129.98,130.21,129.76,129.99,504440
2022-02-15,130.24,130.31,129.76,129.99,247809
2022-02-15,130.022,130.26,129.92,130.24,115414
2022-02-15,129.86,130.09,129.75,130.01,167411
2022-02-15,129.965,130.0,129.61,129.89,176119
2022-02-15,130.066,130.151,129.925,129.98,171950
2022-02-15,130.08,130.1096,129.94,130.06,124246
2022-02-15,130.24,130.24,129.98,130.05,128603
2022-02-15,130.19,130.3164,130.15,130.24,79040
2022-02-15,130.39,130.43,130.19,130.19,97019
2022-02-15,130.23,130.38,130.14,130.37,94947
2022-02-15,130.25,130.25,130.11,130.23,71052
2022-02-15,130.26,130.27,130.03,130.21,131787
2022-02-15,130.36,130.4,130.21,130.24,129358
2022-02-15,130.3745,130.455,130.24,130.36,81517
2022-02-15,130.59,130.6196,130.37,130.37,82458
2022-02-15,130.59,130.645,130.4,130.57,94048
2022-02-15,130.73,130.77,130.53,130.5899,101026
2022-02-15,130.8,130.9,130.63,130.72,94274
2022-02-15,131.2,131.28,130.74,130.811,133751
2022-02-15,131.085,131.3,131.075,131.2,120728
2022-02-15,131.18,131.21,130.85,131.07,91247
2022-02-15,130.79,131.19,130.79,131.165,104041
2022-02-15,130.65,130.82,130.42,130.795,137330
2022-02-15,131.29,131.68,130.62,130.64,165369
2022-02-15,130.64,131.49,130.45,131.255,270085
2022-02-15,131.46,131.75,131.15,131.15,3766
2022-02-15,131.39,131.39,131.39,131.39,303
2022-02-15,131.15,131.81,131.15,131.81,637
2022-02-15,131.35,131.45,131.3,131.45,3042
2022-02-15,131.38,131.38,131.38,131.38,868
2022-02-15,132.0,132.0,131.3,131.35,11618
2022-02-15,131.5,131.5,131.5,131.5,621
2022-02-15,131.4,131.4,131.33,131.33,440
2022-02-15,131.01,131.01,131.01,131.01,241
2022-02-14,130.15,130.15,130.15,130.15,513
2022-02-14,130.17,130.17,130.17,130.17,100
2022-02-14,130.34,130.34,130.34,130.34,100
2022-02-14,130.0,130.0,130.0,130.0,152
2022-02-14,130.11,130.11,130.11,130.11,200
2022-02-14,129.89,129.89,129.89,129.89,441
2022-02-14,130.15,130.15,130.15,130.15,500
2022-02-14,130.15,130.3699,130.15,130.3699,61718
2022-02-14,130.305,130.56,130.05,130.11,426204
2022-02-14,129.8941,130.32,129.88,130.32,147097
2022-02-14,129.91,130.1,129.58,129.94,103732
2022-02-14,129.8,129.925,129.62,129.91,105155
2022-02-14,129.5211,129.87,129.42,129.79,78182
2022-02-14,129.46,129.8,129.34,129.57,154434
2022-02-14,129.48,129.86,129.27,129.47,123580
2022-02-14,129.59,129.69,129.35,129.46,205059
2022-02-14,130.31,130.33,129.6,129.62,122128
2022-02-14,130.51,130.535,130.31,130.31,72062
2022-02-14,130.485,130.59,130.39,130.5,134007
2022-02-14,130.355,130.5,130.355,130.49,108212
2022-02-14,130.05,130.4,129.97,130.33,107574
2022-02-14,130.1325,130.18,129.83,130.06,151465
2022-02-14,129.8278,130.24,129.8278,130.1325,143042
2022-02-14,130.02,130.1125,129.81,129.85,156432
2022-02-14,129.78,130.07,129.69,130.02,193884
2022-02-14,129.38,129.94,129.38,129.75,248072
2022-02-14,129.14,129.565,129.07,129.39,250251
2022-02-14,129.2524,129.435,129.11,129.11,148309
2022-02-14,129.75,129.82,129.25,129.2536,152250
2022-02-14,130.19,130.19,129.7216,129.74,158661
2022-02-14,130.445,130.62,130.03,130.1974,147883
2022-02-14,130.68,130.715,130.3,130.47,156067
2022-02-14,130.81,131.0,130.2801,130.665,379642
2022-02-14,132.59,132.65,130.73,130.84,274508
2022-02-14,132.46,132.56,132.46,132.56,412
2022-02-14,132.0,132.0,132.0,132.0,140
2022-02-14,132.36,132.36,132.35,132.35,1203
2022-02-14,132.36,132.36,132.36,132.36,1081
2022-02-14,132.38,132.38,132.36,132.36,1935
2022-02-14,131.0,132.5,131.0,132.36,2869
2022-02-14,132.25,132.25,132.12,132.12,1044
2022-02-14,132.0,132.1,132.0,132.1,1493
2022-02-14,131.01,131.01,131.01,131.01,700
2022-02-14,131.55,131.55,131.02,131.06,4931
2022-02-14,131.87,131.87,131.87,131.87,100
2022-02-14,131.5,131.5,131.5,131.5,395
2022-02-14,131.49,131.49,131.49,131.49,417
2022-02-14,131.2,131.2,131.2,131.2,100
2022-02-14,131.2,131.2,131.2,131.2,500
2022-02-14,131.21,131.74,131.2,131.2,639
2022-02-14,131.39,131.88,131.39,131.88,847
2022-02-14,131.5,131.5,131.32,131.32,629
